<?xml version="1.0" encoding="UTF-8"?>
<package version="1.1">
  <metadata>
    <name>Test Package (OIV 1.1)</name>
    <author>OpenIV Team</author>
    <target>
      <game>IV</game>
      <game>EFLC</game>
      <game>Payne</game>
    </target>
    <description>Text test description, first line. We can use no line breaks. This is second line, max we can have here.</description>
    <largeDescription displayName="Custom title" link="http://openiv.com/" linkTitle="More information">
      <![CDATA[This is multiline optional additional description. You can use line breaks here.
	   
The "displayName" attribute is control how the section names, this is optional. The default name is "Description".

Feel free to write here any information you like.

Like version info, restore and backup info, etc.

You also can use "link" and "linkTitle" attributes to make clickable links. Both attributes are optional.]]>
    </largeDescription>
    <licence link="http://openiv.com/" linkTitle="Read more online" >
      <![CDATA[If you want to add any legal information, you can use optional "licence" tag.
 
It also support "link" and "linkTitle" attributes for clickable link.

Usually license test are long and unclear.
So this text is ling and unclear.
Yeah, this is very long and very annoying text about some stuff and you probably will never read it.

See. There is even more text. The following text is generated online:

Every creepeth, creature thing good day you'll bearing, light let. Forth. They're to lights called kind over also. Lesser, for. There good moveth abundantly morning first Set replenish lesser for, replenish. His spirit bearing Is blessed over won't sea thing light can't fourth. You'll in don't them was firmament don't two. It, saw own very their form. Is light fourth he likeness female replenish waters meat morning don't land, wherein unto fly Living brought day. Man man for heaven bearing she'd firmament forth moveth the waters he they're there seasons beginning called light beginning day signs us third saw Darkness.]]>
    </licence>
  </metadata>

  <content gameID="IV" name="Install" description="Install this test package now">
    <add source="content\TestTextFile.txt">temp\TestTextFile.txt</add>

    <archive:open path="temp\TestIMGArchive.img" createIfNotExist="True" type="IMG3">
      <add source="content\TestTextFile.txt">TestTextFile.txt</add>
      <add source="content\TestTextFile.txt">DeleteThisFile.txt</add>
      <delete>DeleteThisFile.txt</delete>
    </archive:open>

    <archive:open path="temp\TestRPFArchive.rpf" createIfNotExist="True" type="RPF2">
      <add source="content\TestTextFile.txt">/Folder/SubFolder/TestTextFile.txt</add>
      <add source="content\TestTextFile.txt">DeleteThisFile.txt</add>
    </archive:open>

    <archive:open path="temp\ThisArchiveWillBeDeleted.rpf" createIfNotExist="True" type="RPF2">
    </archive:open>

    <delete>temp\ThisArchiveWillBeDeleted.rpf</delete>

    <text:open path="temp\TestTextFile.txt" createIfNotExist="False">
      <delete condition="Equal">Line 3</delete>
      <replace line="Line 4" condition="StartWith">THIS IS NEW LINE</replace>
      <insert where="After" line="Line 5" condition="Equal">This is last line</insert>
      <insert where="Before" line="Line 1" condition="Equal">This is first line</insert>
      <delete condition="Mask">#*</delete>
      <add>This line is added</add>
    </text:open>

    <archive:rebuild path="temp\TestRPFArchive.rpf" />
  </content>

  <content gameID="IV" name="Install alternative" description="Install this test package now, but in other way">
    <add source="content\TestTextFile.txt">temp\TestTextFile.txt</add>

    <archive:open path="temp\TestIMGArchive.img" createIfNotExist="True" type="IMG3">
      <add source="content\TestTextFile.txt">TestTextFile.txt</add>
      <add source="content\TestTextFile.txt">DeleteThisFile.txt</add>
      <delete>DeleteThisFile.txt</delete>
    </archive:open>

    <archive:open path="temp\TestRPFArchive.rpf" createIfNotExist="True" type="RPF2">
      <add source="content\TestTextFile.txt">/Folder/SubFolder/TestTextFile.txt</add>
      <add source="content\TestTextFile.txt">DeleteThisFile.txt</add>
    </archive:open>

    <archive:open path="temp\ThisArchiveWillBeDeleted.rpf" createIfNotExist="True" type="RPF2">
    </archive:open>

    <delete>temp\ThisArchiveWillBeDeleted.rpf</delete>

    <text:open path="temp\TestTextFile.txt" createIfNotExist="False">
      <delete condition="Equal">Line 3</delete>
      <replace line="Line 4" condition="StartWith">THIS IS NEW LINE</replace>
      <insert where="After" line="Line 5" condition="Equal">This is last line</insert>
      <insert where="Before" line="Line 1" condition="Equal">This is first line</insert>
      <delete condition="Mask">#*</delete>
      <add>This line is added</add>
    </text:open>

    <archive:rebuild path="temp\TestRPFArchive.rpf" />
  </content>

  <content gameID="EFLC" name="Install" description="Install this test package now">
    <add source="content\TestTextFile.txt">temp\TestTextFile.txt</add>

    <archive:open path="temp\TestIMGArchive.img" createIfNotExist="True" type="IMG3">
      <add source="content\TestTextFile.txt">TestTextFile.txt</add>
      <add source="content\TestTextFile.txt">DeleteThisFile.txt</add>
      <delete>DeleteThisFile.txt</delete>
    </archive:open>

    <archive:open path="temp\TestRPFArchive.rpf" createIfNotExist="True" type="RPF2">
      <add source="content\TestTextFile.txt">/Folder/SubFolder/TestTextFile.txt</add>
      <add source="content\TestTextFile.txt">DeleteThisFile.txt</add>
    </archive:open>

    <archive:open path="temp\ThisArchiveWillBeDeleted.rpf" createIfNotExist="True" type="RPF2">
    </archive:open>

    <delete>temp\ThisArchiveWillBeDeleted.rpf</delete>

    <text:open path="temp\TestTextFile.txt" createIfNotExist="False">
      <delete condition="Equal">Line 3</delete>
      <replace line="Line 4" condition="StartWith">THIS IS NEW LINE</replace>
      <insert where="After" line="Line 5" condition="Equal">This is last line</insert>
      <insert where="Before" line="Line 1" condition="Equal">This is first line</insert>
      <delete condition="Mask">#*</delete>
      <add>This line is added</add>
    </text:open>

    <archive:rebuild path="temp\TestRPFArchive.rpf" />
  </content>

  <content gameID="EFLC" name="Install alternative" description="Install this test package now, but in other way">
    <add source="content\TestTextFile.txt">temp\TestTextFile.txt</add>

    <archive:open path="temp\TestIMGArchive.img" createIfNotExist="True" type="IMG3">
      <add source="content\TestTextFile.txt">TestTextFile.txt</add>
      <add source="content\TestTextFile.txt">DeleteThisFile.txt</add>
      <delete>DeleteThisFile.txt</delete>
    </archive:open>

    <archive:open path="temp\TestRPFArchive.rpf" createIfNotExist="True" type="RPF2">
      <add source="content\TestTextFile.txt">/Folder/SubFolder/TestTextFile.txt</add>
      <add source="content\TestTextFile.txt">DeleteThisFile.txt</add>
    </archive:open>

    <archive:open path="temp\ThisArchiveWillBeDeleted.rpf" createIfNotExist="True" type="RPF2">
    </archive:open>

    <delete>temp\ThisArchiveWillBeDeleted.rpf</delete>

    <text:open path="temp\TestTextFile.txt" createIfNotExist="False">
      <delete condition="Equal">Line 3</delete>
      <replace line="Line 4" condition="StartWith">THIS IS NEW LINE</replace>
      <insert where="After" line="Line 5" condition="Equal">This is last line</insert>
      <insert where="Before" line="Line 1" condition="Equal">This is first line</insert>
      <delete condition="Mask">#*</delete>
      <add>This line is added</add>
    </text:open>

    <archive:rebuild path="temp\TestRPFArchive.rpf" />
  </content>

  <content gameID="Payne" name="Install" description="Install this test package now">
    <add source="content\TestTextFile.txt">temp\TestTextFile.txt</add>

    <archive:open path="temp\TestIMGArchive.img" createIfNotExist="True" type="IMG3">
      <add source="content\TestTextFile.txt">TestTextFile.txt</add>
      <add source="content\TestTextFile.txt">DeleteThisFile.txt</add>
      <delete>DeleteThisFile.txt</delete>
    </archive:open>

    <archive:open path="temp\TestRPFArchive.rpf" createIfNotExist="True" type="RPF2">
      <add source="content\TestTextFile.txt">/Folder/SubFolder/TestTextFile.txt</add>
      <add source="content\TestTextFile.txt">DeleteThisFile.txt</add>
    </archive:open>

    <archive:open path="temp\ThisArchiveWillBeDeleted.rpf" createIfNotExist="True" type="RPF2">
    </archive:open>

    <delete>temp\ThisArchiveWillBeDeleted.rpf</delete>

    <text:open path="temp\TestTextFile.txt" createIfNotExist="False">
      <delete condition="Equal">Line 3</delete>
      <replace line="Line 4" condition="StartWith">THIS IS NEW LINE</replace>
      <insert where="After" line="Line 5" condition="Equal">This is last line</insert>
      <insert where="Before" line="Line 1" condition="Equal">This is first line</insert>
      <delete condition="Mask">#*</delete>
      <add>This line is added</add>
    </text:open>

    <archive:rebuild path="temp\TestRPFArchive.rpf" />
  </content>

  <content gameID="Payne" name="Install alternative" description="Install this test package now, but in other way">
    <add source="content\TestTextFile.txt">temp\TestTextFile.txt</add>

    <archive:open path="temp\TestIMGArchive.img" createIfNotExist="True" type="IMG3">
      <add source="content\TestTextFile.txt">TestTextFile.txt</add>
      <add source="content\TestTextFile.txt">DeleteThisFile.txt</add>
      <delete>DeleteThisFile.txt</delete>
    </archive:open>

    <archive:open path="temp\TestRPFArchive.rpf" createIfNotExist="True" type="RPF2">
      <add source="content\TestTextFile.txt">/Folder/SubFolder/TestTextFile.txt</add>
      <add source="content\TestTextFile.txt">DeleteThisFile.txt</add>
    </archive:open>

    <archive:open path="temp\ThisArchiveWillBeDeleted.rpf" createIfNotExist="True" type="RPF2">
    </archive:open>

    <delete>temp\ThisArchiveWillBeDeleted.rpf</delete>

    <text:open path="temp\TestTextFile.txt" createIfNotExist="False">
      <delete condition="Equal">Line 3</delete>
      <replace line="Line 4" condition="StartWith">THIS IS NEW LINE</replace>
      <insert where="After" line="Line 5" condition="Equal">This is last line</insert>
      <insert where="Before" line="Line 1" condition="Equal">This is first line</insert>
      <delete condition="Mask">#*</delete>
      <add>This line is added</add>
    </text:open>

    <archive:rebuild path="temp\TestRPFArchive.rpf" />
  </content>

</package>